{
  "model_name": "random_forest",
  "display_name": "Random Forest",
  "best_params": {
    "n_estimators": 364,
    "max_depth": 10,
    "min_samples_split": 15,
    "min_samples_leaf": 6,
    "max_features": "sqrt",
    "class_weight": "balanced_subsample"
  },
  "cv_auc": 0.7612924850343838,
  "metrics": {
    "accuracy": 0.7271341463414634,
    "precision_weighted": 0.7382697596706701,
    "recall_weighted": 0.7271341463414634,
    "f1_weighted": 0.7298795320326388,
    "roc_auc": 0.8163085937500001,
    "precision": 0.807799442896936,
    "recall": 0.725,
    "f1": 0.764163372859025,
    "precision_class0": 0.807799442896936,
    "recall_class0": 0.725,
    "f1_class0": 0.764163372859025,
    "precision_class1": 0.6296296296296297,
    "recall_class1": 0.73046875,
    "f1_class1": 0.6763110307414105
  },
  "overfit_gap": 0.03411230909087992,
  "feature_columns": [
    "ph",
    "Hardness",
    "Solids",
    "Chloramines",
    "Sulfate",
    "Conductivity",
    "Organic_carbon",
    "Trihalomethanes",
    "Turbidity"
  ]
}